Qubit,T1 (us),T2 (us),Frequency (GHz),Anharmonicity (GHz),Readout assignment error ,Prob meas0 prep1 ,Prob meas1 prep0 ,Readout length (ns),I error ,RZ error,SX error,X error,ECR error ,Gate time (ns),Operational,measure time (ns),x time (ns),rz time (ns),i time (ns),sx time (ns),reset time (ns)
0,242.16005668275247,84.90993442866157,5.0917339170330935,-0.3064178713208025,0.0134,0.014,0.0128,4000,0.0002879955185388,0,0.0002879955185388,0.0002879955185388,0_14:0.015871869128514432;0_1:0.007193964724229729,0_14:660;0_1:660,True,4000.0,59.99999999999999,0.0,59.99999999999999,59.99999999999999,4060.0
1,314.3680747701012,241.60398461454224,4.97057410625809,-0.3076118473056415,0.0293999999999999,0.0276,0.0312,4000,0.0001774869704155,0,0.0001774869704155,0.0001774869704155,1_2:0.006882378536141487,1_2:660,True,4000.0,59.99999999999999,0.0,59.99999999999999,59.99999999999999,4060.0
2,167.11531103041884,166.30919249945345,4.890407216938728,-0.3088667251884885,0.028,0.0258,0.0302,4000,0.0002420761103556,0,0.0002420761103556,0.0002420761103556,,,True,4000.0,59.99999999999999,0.0,59.99999999999999,59.99999999999999,4060.0
3,312.7907338991642,236.91485217571824,5.053127320017145,-0.3066624843695048,0.0205999999999999,0.0154,0.0258,4000,0.0001629829112909,0,0.0001629829112909,0.0001629829112909,3_2:0.009923077350573128;3_4:0.004976368783967927,3_2:660;3_4:660,True,4000.0,59.99999999999999,0.0,59.99999999999999,59.99999999999999,4060.0
4,252.9732457045881,203.16013066194776,4.9781651524424255,-0.3077713513806138,0.0091999999999999,0.0116,0.0068,4000,0.0003468445067977,0,0.0003468445067977,0.0003468445067977,4_15:0.006352038933984672,4_15:660,True,4000.0,59.99999999999999,0.0,59.99999999999999,59.99999999999999,4060.0
5,172.1421476135744,173.43007772854008,5.040789102747792,-0.3067426554727341,0.0363999999999999,0.0332,0.0396,4000,0.0002222953163473,0,0.0002222953163473,0.0002222953163473,5_4:0.005606165653150613,5_4:660,True,4000.0,59.99999999999999,0.0,59.99999999999999,59.99999999999999,4060.0
6,168.45138746806452,106.56455037459732,5.170089437255036,-0.3037940775265072,0.0358,0.0372,0.0343999999999999,4000,0.0002497446548333,0,0.0002497446548333,0.0002497446548333,6_7:0.007079174553704826;6_5:0.00776139978287102,6_7:660;6_5:660,True,4000.0,59.99999999999999,0.0,59.99999999999999,59.99999999999999,4060.0
7,242.040372474126,246.91793766999388,5.080746386785153,-0.3059345033629119,0.0171999999999999,0.0146,0.0198,4000,0.0002454959609039,0,0.0002454959609039,0.0002454959609039,7_8:0.006699241170605247,7_8:660,True,4000.0,59.99999999999999,0.0,59.99999999999999,59.99999999999999,4060.0
8,230.01256174341108,86.24609009980595,5.003179266643984,-0.307600825764635,0.0043999999999999,0.0061999999999999,0.0026,4000,0.0002436613829146,0,0.0002436613829146,0.0002436613829146,8_16:0.008116301668362441,8_16:660,True,4000.0,59.99999999999999,0.0,59.99999999999999,59.99999999999999,4060.0
9,267.8775489380742,37.973897841045016,5.102020954170143,-0.3062090662670669,0.0238,0.026,0.0216,4000,0.0004960483255752,0,0.0004960483255752,0.0004960483255752,9_8:0.011843776398974631;9_10:0.013128348784874538,9_8:660;9_10:660,True,4000.0,59.99999999999999,0.0,59.99999999999999,59.99999999999999,4060.0
10,141.04205534099728,159.2487270699391,4.926216475826387,-0.3085316291198984,0.0107999999999999,0.0134,0.0081999999999999,4000,0.0002235998952396,0,0.0002235998952396,0.0002235998952396,10_11:0.008555640359862726,10_11:660,True,4000.0,59.99999999999999,0.0,59.99999999999999,59.99999999999999,4060.0
11,270.8867380619998,102.58102034547444,4.839413175574302,-0.308885870288562,0.0467999999999999,0.056,0.0375999999999999,4000,0.0002438908530082,0,0.0002438908530082,0.0002438908530082,,,True,4000.0,59.99999999999999,0.0,59.99999999999999,59.99999999999999,4236.0
12,130.33456481936767,76.09368521718838,5.109803072103209,-0.3061650374654711,0.1575999999999999,0.0266,0.2885999999999999,4000,0.000446289338184,0,0.000446289338184,0.000446289338184,12_11:0.015017621174495038,12_11:660,True,4000.0,59.99999999999999,0.0,59.99999999999999,59.99999999999999,4124.0
13,172.06431006815936,74.47989624391238,4.982490037008271,-0.3068148853741847,0.0083999999999999,0.0103999999999999,0.0064,4000,0.0003646687371129,0,0.0003646687371129,0.0003646687371129,13_12:0.022424240757229763,13_12:660,True,4000.0,59.99999999999999,0.0,59.99999999999999,59.99999999999999,4060.0
14,136.21280246206712,43.3899336973528,4.865082965459735,-0.3091688931353723,0.0125999999999999,0.0228,0.0024,4000,0.0006504137485491,0,0.0006504137485491,0.0006504137485491,,,True,4000.0,59.99999999999999,0.0,59.99999999999999,59.99999999999999,4060.0
15,237.97906300917867,187.8624254033709,5.15346794367442,-0.305440988164761,0.0060999999999999,0.0048,0.0074,4000,0.0002011556587693,0,0.0002011556587693,0.0002011556587693,15_22:0.006037694405037736,15_22:660,True,4000.0,59.99999999999999,0.0,59.99999999999999,59.99999999999999,4060.0
16,137.0354010405787,92.11300736838966,4.952167690631429,-0.3070553236798937,0.0754,0.0665999999999999,0.0842,4000,0.0003284905960206,0,0.0003284905960206,0.0003284905960206,,,True,4000.0,59.99999999999999,0.0,59.99999999999999,59.99999999999999,4060.0
17,135.66869313523625,83.12831040583046,5.222733888407037,-0.3029522541528282,0.014,0.0125999999999999,0.0154,4000,0.0003297540144903,0,0.0003297540144903,0.0003297540144903,17_12:0.022917584749173464;17_30:0.019048100588722333,17_12:660;17_30:660,True,4000.0,59.99999999999999,0.0,59.99999999999999,59.99999999999999,4076.0
18,294.5808691036457,271.9462804314357,4.946779250911919,-0.308826064817133,0.0198,0.0233999999999999,0.0162,4000,0.0002045412204155,0,0.0002045412204155,0.0002045412204155,18_14:0.017760041588960968;18_19:0.024081079775811087,18_14:660;18_19:660,True,4000.0,59.99999999999999,0.0,59.99999999999999,59.99999999999999,4060.0
19,13.677232586020782,196.7200827418688,5.056998204899597,-0.3072964035561614,0.265,0.4636,0.0664,4000,0.0054149721707101,0,0.0054149721707101,0.0054149721707101,,,True,4000.0,59.99999999999999,0.0,59.99999999999999,59.99999999999999,4060.0
20,69.42715082335415,46.22131455548141,5.028933405464074,-0.3061722380473728,0.0775,0.0879999999999999,0.067,4000,0.0007104203043898,0,0.0007104203043898,0.0007104203043898,20_33:0.01166015215407995;20_21:0.011729819800215785;20_19:0.023943852911919083,20_33:660;20_21:660;20_19:660,True,4000.0,59.99999999999999,0.0,59.99999999999999,59.99999999999999,4060.0
21,154.93501296122804,139.57283245719765,5.169378837090617,-0.3041302197907452,0.0307999999999999,0.0206,0.041,4000,0.0002531308303001,0,0.0002531308303001,0.0002531308303001,21_22:0.008127849030163725,21_22:660,True,4000.0,59.99999999999999,0.0,59.99999999999999,59.99999999999999,4060.0
22,142.94780938694387,200.184784755894,5.060684289475364,-0.3062701358001481,0.0148999999999999,0.0145999999999999,0.0152,4000,0.0002771573664395,0,0.0002771573664395,0.0002771573664395,,,True,4000.0,59.99999999999999,0.0,59.99999999999999,59.99999999999999,4060.0
23,207.4794343431088,19.38854122270349,5.005350227050866,-0.3072039956935684,0.0375,0.038,0.037,4000,0.0003195953386018,0,0.0003195953386018,0.0003195953386018,23_22:0.007611011055583233,23_22:660,True,4000.0,59.99999999999999,0.0,59.99999999999999,59.99999999999999,4060.0
24,160.2557272323826,259.8397115754046,5.073615360911723,-0.3058968992654708,0.0332,0.0272,0.0392,4000,0.0002324175208091,0,0.0002324175208091,0.0002324175208091,24_23:0.008316286338882983,24_23:660,True,4000.0,59.99999999999999,0.0,59.99999999999999,59.99999999999999,4060.0
25,124.54822769922404,114.86450612482844,5.163995300431285,-0.3053687262921275,0.0293999999999999,0.0345999999999999,0.0242,4000,0.000718588365818,0,0.000718588365818,0.000718588365818,25_26:0.019719287877498687;25_24:0.011216291501802866,25_26:660;25_24:660,True,4000.0,59.99999999999999,0.0,59.99999999999999,59.99999999999999,4172.0
26,177.3645401585172,170.67329835193877,5.135130557084159,-0.3053120798456737,0.0275999999999999,0.0165999999999999,0.0386,4000,0.0003579039457861,0,0.0003579039457861,0.0003579039457861,26_16:0.009983816257151529,26_16:660,True,4000.0,59.99999999999999,0.0,59.99999999999999,59.99999999999999,4060.0
27,166.51331285793248,216.8483552343245,5.052700437249369,-0.3058824603800633,0.0312999999999999,0.031,0.0316,4000,0.0002409418498889,0,0.0002409418498889,0.0002409418498889,27_28:0.012341944576732322;27_26:0.004218577066140705,27_28:660;27_26:660,True,4000.0,59.99999999999999,0.0,59.99999999999999,59.99999999999999,4060.0
28,193.1307503533746,156.80638805927055,4.929103797545405,-0.3083409778897531,0.018,0.024,0.012,4000,0.0010603301317104,0,0.0010603301317104,0.0010603301317104,28_35:0.012197126701810418;28_29:0.04177875139964371,28_35:660;28_29:660,True,4000.0,59.99999999999999,0.0,59.99999999999999,59.99999999999999,4060.0
29,112.31583531971016,155.7251904202207,5.071361488272545,-0.3055087423487186,0.0124999999999999,0.0126,0.0123999999999999,4000,0.000234390221738,0,0.000234390221738,0.000234390221738,,,True,4000.0,59.99999999999999,0.0,59.99999999999999,59.99999999999999,4060.0
30,169.70982040931565,66.12148135222341,5.0215057961059495,-0.3062517153077745,0.0372,0.0432,0.0312,4000,0.0008121252730374,0,0.0008121252730374,0.0008121252730374,30_31:0.0142968938613387;30_29:0.012420452080534494,30_31:660;30_29:660,True,4000.0,59.99999999999999,0.0,59.99999999999999,59.99999999999999,4060.0
31,228.4981379680114,91.34024826160146,5.096820162017362,-0.3059158128818965,0.01,0.0102,0.0098,4000,0.0002206346995781,0,0.0002206346995781,0.0002206346995781,,,True,4000.0,59.99999999999999,0.0,59.99999999999999,59.99999999999999,4060.0
32,186.78411613905067,163.05644557443208,5.25307871668938,-0.3021024582813358,0.0178,0.0183999999999999,0.0172,4000,0.0005610102736985,0,0.0005610102736985,0.0005610102736985,32_31:0.01785015888835667;32_36:0.008062129148142833,32_31:660;32_36:660,True,4000.0,59.99999999999999,0.0,59.99999999999999,59.99999999999999,4060.0
33,246.7653564959693,194.95360487077832,4.913071715609942,-0.3083206712414336,0.0246999999999999,0.0223999999999999,0.027,4000,0.0003035921784925,0,0.0003035921784925,0.0003035921784925,33_39:0.009588284846857392,33_39:660,True,4000.0,59.99999999999999,0.0,59.99999999999999,59.99999999999999,4060.0
34,161.44722386813322,130.6757952065175,4.935360772697073,-0.3081468491485319,0.0944,0.0674,0.1214,4000,0.0002460767199024,0,0.0002460767199024,0.0002460767199024,34_24:0.005870395445543991;34_43:1,34_24:660;34_43:660,True,4000.0,59.99999999999999,0.0,59.99999999999999,59.99999999999999,4060.0
35,110.53118130365594,62.29828433377388,4.816400068268222,-0.3106460390864426,0.0104999999999999,0.0096,0.0114,4000,0.0002617039752927,0,0.0002617039752927,0.0002617039752927,,,True,4000.0,59.99999999999999,0.0,59.99999999999999,59.99999999999999,4060.0
36,154.25293132890505,146.79352241475962,5.134389599821312,-0.3042399290688238,0.0092999999999999,0.0102,0.0083999999999999,4000,0.0001710167434113,0,0.0001710167434113,0.0001710167434113,36_51:0.004870805626152858,36_51:660,True,4000.0,59.99999999999999,0.0,59.99999999999999,59.99999999999999,4060.0
37,219.70286951404736,246.63036468574617,5.00670658817261,-0.3066691055853324,0.1623,0.2104,0.1141999999999999,4000,0.0526674128538317,0,0.0526674128538317,0.0526674128538317,37_52:0.1083422798787766;37_38:1,37_52:660;37_38:660,True,4000.0,59.99999999999999,0.0,59.99999999999999,59.99999999999999,4060.0
38,165.45053289168072,26.15131238312153,4.825479711132164,-0.3106868036017324,0.0799,0.0814,0.0784,4000,0.0003530778035402,0,0.0003530778035402,0.0003530778035402,38_39:0.009066946131895126,38_39:660,True,4000.0,59.99999999999999,0.0,59.99999999999999,59.99999999999999,4060.0
39,234.0266804138157,103.32773295980522,5.01931842411795,-0.307076974162903,0.144,0.1608,0.1272,4000,0.0024493201795334,0,0.0024493201795334,0.0024493201795334,,,True,4000.0,59.99999999999999,0.0,59.99999999999999,59.99999999999999,4060.0
40,140.4824957518139,254.2892124871948,5.084622535041974,-0.3061975887621035,0.0129,0.01,0.0158,4000,0.0002749590876464,0,0.0002749590876464,0.0002749590876464,40_39:0.01155258086032987;40_41:0.006122178185404864,40_39:660;40_41:660,True,4000.0,59.99999999999999,0.0,59.99999999999999,59.99999999999999,4060.0
41,167.63187990039248,196.685045045188,4.953485515838808,-0.3083311558680511,0.0101999999999999,0.0113999999999999,0.009,4000,0.0003520685790132,0,0.0003520685790132,0.0003520685790132,41_53:0.008564407859252554;41_42:0.006516553537834813,41_53:660;41_42:660,True,4000.0,59.99999999999999,0.0,59.99999999999999,59.99999999999999,4060.0
42,233.34370272996424,224.82535774760413,5.091911877795437,-0.3062199111611784,0.0246999999999999,0.0266,0.0228,4000,0.0001974921438713,0,0.0001974921438713,0.0001974921438713,42_43:1,42_43:660,True,4000.0,59.99999999999999,0.0,59.99999999999999,59.99999999999999,4060.0
43,221.2570093902742,278.8596992789779,4.869723697163033,-0.3094094192800075,0.4733333333333334,0.76,0.1866666666666666,4000,0.0002060961898272,0,0.0002060961898272,0.0002060961898272,43_44:1,43_44:660,True,4000.0,59.99999999999999,0.0,59.99999999999999,59.99999999999999,4060.0
44,332.1048619561449,79.85939775377601,5.023550523098626,-0.3073323285282485,0.0121,0.0118,0.0124,4000,0.0002900408947127,0,0.0002900408947127,0.0002900408947127,,,True,4000.0,59.99999999999999,0.0,59.99999999999999,59.99999999999999,4060.0
45,211.22361783976496,122.77222388291104,5.112376709951662,-0.3050764975563755,0.0203999999999999,0.0215999999999999,0.0192,4000,0.0003200399585692,0,0.0003200399585692,0.0003200399585692,45_44:0.0065724930148143845;45_46:0.01601941905719645,45_44:660;45_46:660,True,4000.0,59.99999999999999,0.0,59.99999999999999,59.99999999999999,4060.0
46,199.5261594583545,215.8871483787848,4.966519848820972,-0.3079705749190589,0.0066999999999999,0.009,0.0043999999999999,4000,0.0001788698389169,0,0.0001788698389169,0.0001788698389169,46_47:1,46_47:660,True,4000.0,59.99999999999999,0.0,59.99999999999999,59.99999999999999,4060.0
47,351.3819512505171,274.3161684610636,4.878199292409942,-0.3098062819379201,0.4733333333333334,0.7366666666666667,0.21,4000,0.0001453248138354,0,0.0001453248138354,0.0001453248138354,47_35:1,47_35:660,True,4000.0,59.99999999999999,0.0,59.99999999999999,59.99999999999999,4140.0
48,311.7522896162749,156.79061193954306,5.023745417265444,-0.306047701481856,0.0221,0.0252,0.019,4000,0.0005094184346533,0,0.0005094184346533,0.0005094184346533,48_47:1,48_47:660,True,4000.0,59.99999999999999,0.0,59.99999999999999,59.99999999999999,4060.0
49,169.8910781474815,32.37924172454963,5.095211742541425,0.0,0.0441,0.0454,0.0427999999999999,4000,0.0009790359025842,0,0.0009790359025842,0.0009790359025842,49_48:0.01454132996191182,49_48:660,True,4000.0,59.99999999999999,0.0,59.99999999999999,59.99999999999999,4060.0
50,168.51053223538088,17.408489631704086,5.186403976169289,-0.3039883515773636,0.0121,0.0106,0.0136,4000,0.0008020461901322,0,0.0008020461901322,0.0008020461901322,50_51:0.021666410874955494;50_49:0.03490420965903701,50_51:660;50_49:660,True,4000.0,59.99999999999999,0.0,59.99999999999999,59.99999999999999,4060.0
51,214.08609908258893,185.1041694792092,5.027637003029519,-0.3057282060327941,0.0472,0.0464,0.048,4000,0.0002238048012701,0,0.0002238048012701,0.0002238048012701,,,True,4000.0,59.99999999999999,0.0,59.99999999999999,59.99999999999999,4060.0
52,125.80170227942833,42.045788857742565,5.189373647610425,-0.3036765490718706,0.0324999999999999,0.0306,0.0343999999999999,4000,0.000384286167129,0,0.000384286167129,0.000384286167129,,,True,4000.0,59.99999999999999,0.0,59.99999999999999,59.99999999999999,4060.0
53,372.4203888155333,398.8664298103928,4.843224741775568,-0.3085981049843937,0.0771999999999999,0.0738,0.0806,4000,0.0001568875600901,0,0.0001568875600901,0.0001568875600901,,,True,4000.0,59.99999999999999,0.0,59.99999999999999,59.99999999999999,4060.0
54,127.9829855096017,239.5514103683641,5.192104648586887,-0.3033387374438956,0.0474999999999999,0.0532,0.0417999999999999,4000,0.0003101467353935,0,0.0003101467353935,0.0003101467353935,54_45:0.009164389315008459,54_45:660,True,4000.0,59.99999999999999,0.0,59.99999999999999,59.99999999999999,4060.0
55,167.04430212456523,58.89779660103213,5.216653717169299,-0.3040260702188013,0.0097,0.0106,0.0088,4000,0.0003720853595838,0,0.0003720853595838,0.0003720853595838,55_49:0.01985103712562747,55_49:660,True,4000.0,59.99999999999999,0.0,59.99999999999999,59.99999999999999,4060.0
56,76.2620853309202,27.84091590790424,5.134762086029973,-0.3462174906240536,0.0834999999999999,0.0608,0.1061999999999999,4000,0.0008355839357778,0,0.0008355839357778,0.0008355839357778,56_52:0.01806700261337915;56_57:1,56_52:660;56_57:660,True,4000.0,59.99999999999999,0.0,59.99999999999999,59.99999999999999,4060.0
57,303.15635679970563,18.885480585467548,4.768722659417858,-0.3084464586407456,0.241,0.1363999999999999,0.3456,4000,0.0096476422091702,0,0.0096476422091702,0.0096476422091702,,,True,4000.0,59.99999999999999,0.0,59.99999999999999,59.99999999999999,4060.0
58,135.29015013890728,36.48104514846808,4.916418307747936,-0.3089545931879817,0.0490999999999999,0.0466,0.0515999999999999,4000,0.0006865699300003,0,0.0006865699300003,0.0006865699300003,58_59:0.005488401478845162;58_57:0.033453761821762046,58_59:660;58_57:660,True,4000.0,59.99999999999999,0.0,59.99999999999999,59.99999999999999,4060.0
59,319.1281776196938,226.00308778664296,5.016360085603369,-0.3065300599941546,0.0678999999999999,0.0647999999999999,0.071,4000,0.0002570066584659,0,0.0002570066584659,0.0002570066584659,,,True,4000.0,59.99999999999999,0.0,59.99999999999999,59.99999999999999,4060.0
60,23.86864845689599,47.91021816027685,5.112574514913633,-0.3054937994423591,0.2059999999999999,0.2292,0.1827999999999999,4000,0.1521336186889629,0,0.1521336186889629,0.1521336186889629,60_59:1;60_53:1,60_59:660;60_53:660,True,4000.0,59.99999999999999,0.0,59.99999999999999,59.99999999999999,4060.0
61,318.95372929502395,205.812398946186,4.9117112239489655,-0.3085000780263203,0.2512,0.2528,0.2496,4000,0.0004953177626415,0,0.0004953177626415,0.0004953177626415,61_60:1,61_60:660,True,4000.0,59.99999999999999,0.0,59.99999999999999,59.99999999999999,4060.0
62,48.79784819234644,82.25954244497036,5.015455464719222,-0.3066993137320213,0.4036999999999999,0.3722,0.4352,4000,0.0020045733709745,0,0.0020045733709745,0.0020045733709745,62_61:0.014347567359202007,62_61:660,True,4000.0,59.99999999999999,0.0,59.99999999999999,59.99999999999999,4060.0
63,162.52950849465867,237.86932033917225,5.080297889326332,-0.3068352995043796,0.0123999999999999,0.0086,0.0161999999999999,4000,0.0004883992717567,0,0.0004883992717567,0.0004883992717567,63_62:0.026604532326362063,63_62:660,True,4000.0,59.99999999999999,0.0,59.99999999999999,59.99999999999999,4060.0
64,105.76716993007884,74.92401457376847,5.280722655632863,-0.3037543523871238,0.0323999999999999,0.0308,0.034,4000,0.0006464544591424,0,0.0006464544591424,0.0006464544591424,64_63:0.017165008515279995;64_65:0.024592466723806022;64_54:0.017139720076585346,64_63:660;64_65:660;64_54:660,True,4000.0,59.99999999999999,0.0,59.99999999999999,59.99999999999999,4060.0
65,169.1818882241957,50.80343871258837,5.251502086418665,-0.275963523592144,0.0505999999999999,0.0527999999999999,0.0484,4000,0.000653764919569,0,0.000653764919569,0.000653764919569,,,True,4000.0,59.99999999999999,0.0,59.99999999999999,59.99999999999999,4060.0
66,217.2778697316553,15.971620414569182,5.185828008917906,-0.3042898825235449,0.0285999999999999,0.0173999999999999,0.0398,4000,0.0007666678323903,0,0.0007666678323903,0.0007666678323903,66_73:0.02409958611109747;66_67:0.013309217182044919;66_65:0.012818324755626803,66_73:660;66_67:660;66_65:660,True,4000.0,59.99999999999999,0.0,59.99999999999999,59.99999999999999,4060.0
67,113.9521037419042,83.9858925002876,5.382844925245517,-0.3010751526585249,0.0153999999999999,0.0126,0.0181999999999999,4000,0.0004257267274093,0,0.0004257267274093,0.0004257267274093,67_68:0.013278339977746523,67_68:660,True,4000.0,59.99999999999999,0.0,59.99999999999999,59.99999999999999,4060.0
68,210.14544194509972,158.29281461867922,5.115428140074493,-0.3047002264590061,0.0319,0.0365999999999999,0.0272,4000,0.0002545367544053,0,0.0002545367544053,0.0002545367544053,68_55:0.008820319666890702,68_55:660,True,4000.0,59.99999999999999,0.0,59.99999999999999,59.99999999999999,4060.0
69,173.15165984888154,204.7936478902325,5.063392810318696,-0.3048241681857833,0.0453,0.0504,0.0402,4000,0.0007651397519781,0,0.0007651397519781,0.0007651397519781,69_68:0.02791082125841965,69_68:660,True,4000.0,59.99999999999999,0.0,59.99999999999999,59.99999999999999,4060.0
70,181.1567525276064,81.47946771759626,5.203328347599348,-0.3031317276297297,0.0147999999999999,0.0181999999999999,0.0114,4000,0.0003691226582881,0,0.0003691226582881,0.0003691226582881,70_69:0.016972631495285384;70_74:0.008694819172555768,70_69:660;70_74:660,True,4000.0,59.99999999999999,0.0,59.99999999999999,59.99999999999999,4060.0
71,85.06585596593213,43.686731800434565,5.040608403235575,-0.3066044126446907,0.0258,0.0175999999999999,0.034,4000,0.0002888955055559,0,0.0002888955055559,0.0002888955055559,71_77:0.010110073312064677;71_58:0.00980002747634992,71_77:660;71_58:660,True,4000.0,59.99999999999999,0.0,59.99999999999999,59.99999999999999,4060.0
72,135.56512317268275,88.56230529460888,5.077857400114716,-0.3049165500673834,0.0217,0.0252,0.0182,4000,0.0008676507303225,0,0.0008676507303225,0.0008676507303225,72_81:0.010391724399588187;72_62:0.02875207886522621,72_81:660;72_62:660,True,4000.0,59.99999999999999,0.0,59.99999999999999,59.99999999999999,4060.0
73,96.35336402627956,67.4190393015569,4.975956103299739,-0.3087797160488346,0.0228999999999999,0.0273999999999999,0.0184,4000,0.0002727838391773,0,0.0002727838391773,0.0002727838391773,73_85:0.013949955430010319,73_85:660,True,4000.0,59.99999999999999,0.0,59.99999999999999,59.99999999999999,4060.0
74,182.6119160497952,101.48260860966016,5.115306293741281,-0.3046844338650276,0.0185999999999999,0.0191999999999999,0.018,4000,0.0002557913742575,0,0.0002557913742575,0.0002557913742575,74_89:0.008591081844701698,74_89:660,True,4000.0,59.99999999999999,0.0,59.99999999999999,59.99999999999999,4060.0
75,138.49350112754678,25.695945759443987,5.129230507799727,-0.3045138618524563,0.0124999999999999,0.0145999999999999,0.0104,4000,0.0004508925813807,0,0.0004508925813807,0.0004508925813807,75_90:0.022942254308443738;75_76:0.012940871692666917,75_90:660;75_76:660,True,4000.0,59.99999999999999,0.0,59.99999999999999,59.99999999999999,4060.0
76,184.137561813632,141.92528901977764,5.001366826084087,-0.3076057163566353,0.0652999999999999,0.0417999999999999,0.0888,4000,0.0009105281667137,0,0.0009105281667137,0.0009105281667137,76_77:0.011770283456783326,76_77:660,True,4000.0,59.99999999999999,0.0,59.99999999999999,59.99999999999999,4060.0
77,290.6372535566425,17.028194986071846,4.94204891234224,-0.3091917951227223,0.0466999999999999,0.048,0.0453999999999999,4000,0.0003526082020026,0,0.0003526082020026,0.0003526082020026,77_78:0.01706750796110096,77_78:660,True,4000.0,59.99999999999999,0.0,59.99999999999999,59.99999999999999,4060.0
78,327.724143437232,23.02407388177418,4.819450681222663,-0.3098761354201418,0.0373999999999999,0.0433999999999999,0.0314,4000,0.000670473633994,0,0.000670473633994,0.000670473633994,78_79:0.019174485881288006,78_79:660,True,4000.0,59.99999999999999,0.0,59.99999999999999,59.99999999999999,4060.0
79,244.1655463876756,18.113291760253976,4.926341381387657,-0.3086275788109418,0.0241,0.0262,0.022,4000,0.0002511262516339,0,0.0002511262516339,0.0002511262516339,,,True,4000.0,59.99999999999999,0.0,59.99999999999999,59.99999999999999,4060.0
80,225.19967984155,202.45744013064572,4.992241550086929,-0.307719444303648,0.0176,0.0143999999999999,0.0208,4000,0.0002520642700924,0,0.0002520642700924,0.0002520642700924,80_81:0.00843320034523884;80_79:0.00804404894177424,80_81:660;80_79:660,True,4000.0,59.99999999999999,0.0,59.99999999999999,59.99999999999999,4060.0
81,144.4355528790598,163.10505876885415,5.153433942768639,-0.3050642928746577,0.0313999999999999,0.0236,0.0392,4000,0.0002671705231387,0,0.0002671705231387,0.0002671705231387,81_82:0.009805525600061621,81_82:660,True,4000.0,59.99999999999999,0.0,59.99999999999999,59.99999999999999,4060.0
82,137.53042662481363,189.19682849519097,5.204842655147179,-0.3045535198049522,0.008,0.012,0.004,4000,0.000299306523383,0,0.000299306523383,0.000299306523383,82_83:0.017791947297321614,82_83:660,True,4000.0,59.99999999999999,0.0,59.99999999999999,59.99999999999999,4060.0
83,168.82891924146162,149.2670789461136,5.102687885651513,-0.3062977471599376,0.0442,0.0477999999999999,0.0406,4000,0.0011952283931415,0,0.0011952283931415,0.0011952283931415,83_84:0.017735952540330002,83_84:660,True,4000.0,59.99999999999999,0.0,59.99999999999999,59.99999999999999,4060.0
84,160.16514640800798,116.62234347274251,5.050233314388422,-0.3051089963906093,0.0605999999999999,0.061,0.0602,4000,0.0002396216745688,0,0.0002396216745688,0.0002396216745688,,,True,4000.0,59.99999999999999,0.0,59.99999999999999,59.99999999999999,4060.0
85,232.22278216006032,103.61686636903468,5.099888310027992,-0.3056384067163472,0.0098,0.0108,0.0088,4000,0.0007482761688059,0,0.0007482761688059,0.0007482761688059,85_86:0.014965189540383284;85_84:0.01889489294637864,85_86:660;85_84:660,True,4000.0,59.99999999999999,0.0,59.99999999999999,59.99999999999999,4060.0
86,87.2916587012407,33.420803437320714,5.202137257828197,-0.3030240253013421,0.0143999999999999,0.0145999999999999,0.0142,4000,0.0008235898412611,0,0.0008235898412611,0.0008235898412611,86_87:0.01182274053437743,86_87:660,True,4000.0,59.99999999999999,0.0,59.99999999999999,59.99999999999999,4060.0
87,132.79976649496317,26.94053824230464,5.283776591183631,0.0,0.0164999999999999,0.017,0.016,4000,0.00044988808461,0,0.00044988808461,0.00044988808461,87_88:0.01337715816022858,87_88:660,True,4000.0,59.99999999999999,0.0,59.99999999999999,59.99999999999999,4060.0
88,128.6903399935683,86.94508261771887,5.179361431897134,-0.3039739472445793,0.0088999999999999,0.0103999999999999,0.0074,4000,0.0004074835833004,0,0.0004074835833004,0.0004074835833004,88_89:0.00928174318123473,88_89:660,True,4000.0,59.99999999999999,0.0,59.99999999999999,59.99999999999999,4060.0
89,232.8415781499488,92.33031890367282,5.0669551749558375,-0.3052598006575995,0.0096,0.0128,0.0063999999999999,4000,0.0002924874949321,0,0.0002924874949321,0.0002924874949321,,,True,4000.0,59.99999999999999,0.0,59.99999999999999,59.99999999999999,4060.0
90,122.08805267742434,31.88142936413509,4.9811426496985325,-0.3093910632029549,0.0203999999999999,0.0192,0.0215999999999999,4000,0.0005901557854659,0,0.0005901557854659,0.0005901557854659,,,True,4000.0,59.99999999999999,0.0,59.99999999999999,59.99999999999999,4060.0
91,277.76515966248536,270.86898024866895,5.038271091289579,-0.3068760832887368,0.0233999999999999,0.0243999999999999,0.0224,4000,0.0002062279685354,0,0.0002062279685354,0.0002062279685354,91_79:0.007222289598357107;91_98:0.00836753150916661,91_79:660;91_98:660,True,4000.0,59.99999999999999,0.0,59.99999999999999,59.99999999999999,4060.0
92,77.55698247334945,51.07879676178136,4.95206788155629,-0.3070894076559803,0.0202999999999999,0.0161999999999999,0.0244,4000,0.0004383214367998,0,0.0004383214367998,0.0004383214367998,92_102:0.010755728831120498;92_83:0.03744686165514896,92_102:660;92_83:660,True,4000.0,59.99999999999999,0.0,59.99999999999999,59.99999999999999,4060.0
93,258.08688671572685,40.740701848472014,5.066380444890816,-0.3053081213992965,0.0217,0.0202,0.0232,4000,0.0007381153767752,0,0.0007381153767752,0.0007381153767752,93_106:0.009799467573500142;93_87:0.015802495073131667,93_106:660;93_87:660,True,4000.0,59.99999999999999,0.0,59.99999999999999,59.99999999999999,4060.0
94,216.0043037393081,167.73281564976787,5.092899980893836,-0.3054237342488909,0.036,0.0344,0.0375999999999999,4000,0.0003048943010706,0,0.0003048943010706,0.0003048943010706,94_90:0.010433624863788238,94_90:660,True,4000.0,59.99999999999999,0.0,59.99999999999999,59.99999999999999,4060.0
95,221.4789164983033,49.71470203347811,5.124798635406315,-0.3057009715902903,0.0466999999999999,0.0617999999999999,0.0316,4000,0.0005982677788542,0,0.0005982677788542,0.0005982677788542,95_94:0.010760190122771074,95_94:660,True,4000.0,59.99999999999999,0.0,59.99999999999999,59.99999999999999,4060.0
96,266.29203457641125,191.6617166521688,5.02638936287425,-0.3059864366337545,0.0144999999999999,0.0166,0.0123999999999999,4000,0.0003332624937704,0,0.0003332624937704,0.0003332624937704,96_97:0.008052042263164527;96_95:0.014883955412887395,96_97:660;96_95:660,True,4000.0,59.99999999999999,0.0,59.99999999999999,59.99999999999999,4060.0
97,163.74715324947636,61.80979442613263,4.934491631880313,-0.3079947229270932,0.0118,0.012,0.0116,4000,0.0001840776162714,0,0.0001840776162714,0.0001840776162714,97_98:0.008363342010715619,97_98:660,True,4000.0,59.99999999999999,0.0,59.99999999999999,59.99999999999999,4060.0
98,180.4171249124397,82.01454162180497,4.852961000977544,-0.3093731372216762,0.0509999999999999,0.0524,0.0496,4000,0.0003902345106393,0,0.0003902345106393,0.0003902345106393,,,True,4000.0,59.99999999999999,0.0,59.99999999999999,59.99999999999999,4060.0
99,169.01904855509602,75.95531320628808,5.1080895744825145,-0.3045550357198442,0.0669999999999999,0.054,0.08,4000,0.0010426999777942,0,0.0010426999777942,0.0010426999777942,99_98:0.029480185465107445,99_98:660,True,4000.0,59.99999999999999,0.0,59.99999999999999,59.99999999999999,4060.0
100,177.29770551339178,111.6725270117173,5.203738413706881,-0.3039344794765481,0.0494,0.0562,0.0426,4000,0.000367449279834,0,0.000367449279834,0.000367449279834,100_110:0.011326821724377045;100_99:0.020462259867804422,100_110:660;100_99:660,True,4000.0,59.99999999999999,0.0,59.99999999999999,59.99999999999999,4060.0
101,193.73987560161467,240.69427705956443,5.171353060832399,-0.3042014262895929,0.0236,0.0268,0.0204,4000,0.0002513857520903,0,0.0002513857520903,0.0002513857520903,101_100:0.00966580974581771,101_100:660,True,4000.0,59.99999999999999,0.0,59.99999999999999,59.99999999999999,4060.0
102,246.2057778828279,188.44168435619892,5.081721144458486,-0.3059272544655712,0.0112999999999999,0.0084,0.0141999999999999,4000,0.000294109327385,0,0.000294109327385,0.000294109327385,102_101:0.009271090699647683,102_101:660,True,4000.0,59.99999999999999,0.0,59.99999999999999,59.99999999999999,4060.0
103,198.62739095502567,180.17850758089364,5.205264080103589,-0.3032222604855203,0.0125999999999999,0.0113999999999999,0.0138,4000,0.0003274385251344,0,0.0003274385251344,0.0003274385251344,103_102:0.010110985559817348;103_104:0.007035147084552329,103_102:660;103_104:660,True,4000.0,59.99999999999999,0.0,59.99999999999999,59.99999999999999,4060.0
104,170.3211748406078,12.586043943676051,5.1326848265982665,-0.3050308704380218,0.0045999999999999,0.007,0.0022,4000,0.0002880647295128,0,0.0002880647295128,0.0002880647295128,104_111:0.011234809312973243;104_105:0.00834784104657757,104_111:660;104_105:660,True,4000.0,59.99999999999999,0.0,59.99999999999999,59.99999999999999,4060.0
105,162.31009549449576,191.88824807805105,5.2794501025433584,-0.3029317296246802,0.003,0.0048,0.0012,4000,0.0001953201145379,0,0.0001953201145379,0.0001953201145379,105_106:0.007608066034669458,105_106:660,True,4000.0,59.99999999999999,0.0,59.99999999999999,59.99999999999999,4060.0
106,113.0665219215246,151.50297704163822,5.152520285226081,-0.3049832353470426,0.0090999999999999,0.0131999999999999,0.005,4000,0.000310037301429,0,0.000310037301429,0.000310037301429,,,True,4000.0,59.99999999999999,0.0,59.99999999999999,59.99999999999999,4060.0
107,133.02397291040575,144.58705750711965,5.347228072801925,-0.3003099103462095,0.0719,0.0644,0.0794,4000,0.0003360371110343,0,0.0003360371110343,0.0003360371110343,107_106:0.008333866566825443;107_108:0.029900894306816916,107_106:660;107_108:660,True,4000.0,59.99999999999999,0.0,59.99999999999999,59.99999999999999,4060.0
108,112.23955465198516,132.8568670802917,5.069840844353542,-0.3068935674624906,0.0674,0.0904,0.0444,4000,0.0004925643891882,0,0.0004925643891882,0.0004925643891882,,,True,4000.0,59.99999999999999,0.0,59.99999999999999,59.99999999999999,4076.0
109,135.10719946534746,155.67898729394722,5.096645258333403,-0.3046352247192984,0.0332999999999999,0.0303999999999999,0.0362,4000,0.0004427796865413,0,0.0004427796865413,0.0004427796865413,109_96:0.014387628530123542,109_96:660,True,4000.0,59.99999999999999,0.0,59.99999999999999,59.99999999999999,4060.0
110,77.176183378759,106.10120017078688,5.273698438252701,-0.302010718369919,0.0082999999999999,0.0102,0.0063999999999999,4000,0.0004420884146075,0,0.0004420884146075,0.0004420884146075,,,True,4000.0,59.99999999999999,0.0,59.99999999999999,59.99999999999999,4060.0
111,96.9985525879007,149.71636312979547,5.358423170697211,-0.3020396886067783,0.0142999999999999,0.011,0.0175999999999999,4000,0.0003105950336587,0,0.0003105950336587,0.0003105950336587,111_122:0.006334199204425267,111_122:660,True,4000.0,59.99999999999999,0.0,59.99999999999999,59.99999999999999,4060.0
112,186.0126715873732,150.90919657241457,5.137822342090051,-0.3035666327937845,0.009,0.0116,0.0063999999999999,4000,0.0003190507665874,0,0.0003190507665874,0.0003190507665874,112_108:0.009579679794897572,112_108:660,True,4000.0,59.99999999999999,0.0,59.99999999999999,59.99999999999999,4060.0
113,168.86590746869106,178.6375650795551,5.250296894311212,-0.3033494648179082,0.0218,0.0235999999999999,0.02,4000,0.0005076863832535,0,0.0005076863832535,0.0005076863832535,113_114:0.01138931696821427,113_114:660,True,4000.0,59.99999999999999,0.0,59.99999999999999,59.99999999999999,4060.0
114,149.16756795715563,64.34798279924395,5.15021616725723,-0.3037565832432647,0.0134999999999999,0.0143999999999999,0.0126,4000,0.0002753324223676,0,0.0002753324223676,0.0002753324223676,114_109:0.00961614196709365,114_109:660,True,4000.0,59.99999999999999,0.0,59.99999999999999,59.99999999999999,4060.0
115,165.54491768679685,108.99449640979338,5.245943152587244,-0.3025355264793927,0.0484,0.0485999999999999,0.0482,4000,0.0004025009581216,0,0.0004025009581216,0.0004025009581216,115_114:0.012348522856305277,115_114:660,True,4000.0,59.99999999999999,0.0,59.99999999999999,59.99999999999999,4060.0
116,145.90063743934252,107.54974308031316,5.334750847860572,-0.3011566056527044,0.023,0.023,0.023,4000,0.0004735573875182,0,0.0004735573875182,0.0004735573875182,116_117:0.015878164846312826;116_115:0.007713007424294982,116_117:660;116_115:660,True,4000.0,59.99999999999999,0.0,59.99999999999999,59.99999999999999,4060.0
117,146.33899944187593,97.6180289893358,5.304678113949955,-0.2930297738119544,0.0161999999999999,0.0151999999999999,0.0172,4000,0.0005141636143625,0,0.0005141636143625,0.0005141636143625,,,True,4000.0,59.99999999999999,0.0,59.99999999999999,59.99999999999999,4060.0
118,155.6313454335771,111.24557008155875,5.069767478750875,-0.3061603334380948,0.026,0.023,0.029,4000,0.0002805807779745,0,0.0002805807779745,0.0002805807779745,118_117:0.012889894097677268;118_110:0.011261847275030573,118_117:660;118_110:660,True,4000.0,59.99999999999999,0.0,59.99999999999999,59.99999999999999,4060.0
119,215.68904405687195,176.1183438135116,5.148146920220402,0.0,0.0107999999999999,0.0135999999999999,0.008,4000,0.0002846582340953,0,0.0002846582340953,0.0002846582340953,119_118:0.008482919631710467;119_120:0.008326907939529254,119_118:660;119_120:660,True,4000.0,59.99999999999999,0.0,59.99999999999999,59.99999999999999,4060.0
120,122.45452886208892,95.05085025470824,5.250079080753294,-0.3022544591906858,0.044,0.052,0.036,4000,0.0003133333003948,0,0.0003133333003948,0.0003133333003948,120_121:0.007728854624958148,120_121:660,True,4000.0,59.99999999999999,0.0,59.99999999999999,59.99999999999999,4060.0
121,255.4640801239666,195.324557832788,5.069426156195031,-0.306028589316361,0.006,0.007,0.005,4000,0.0001816704628993,0,0.0001816704628993,0.0001816704628993,,,True,4000.0,59.99999999999999,0.0,59.99999999999999,59.99999999999999,4060.0
122,164.2957818963401,148.5990136691143,5.279816035624235,-0.3016726166584377,0.0285999999999999,0.0318,0.0253999999999999,4000,0.000206433656295,0,0.000206433656295,0.000206433656295,122_123:0.009155640369565066;122_121:0.0065697988576716715,122_123:660;122_121:660,True,4000.0,59.99999999999999,0.0,59.99999999999999,59.99999999999999,4060.0
123,213.894588689776,117.95291218686836,5.203826195277947,-0.3031041353587323,0.0287999999999999,0.03,0.0276,4000,0.0002710012511777,0,0.0002710012511777,0.0002710012511777,123_124:0.008415112724611623,123_124:660,True,4000.0,59.99999999999999,0.0,59.99999999999999,59.99999999999999,4060.0
124,193.3028129943401,68.36035359554137,5.092671504352971,-0.3040641038113845,0.0061999999999999,0.0074,0.005,4000,0.000387210931107,0,0.000387210931107,0.000387210931107,,,True,4000.0,59.99999999999999,0.0,59.99999999999999,59.99999999999999,4060.0
125,146.89251584996012,71.26031550170693,5.184837758073411,-0.3034458047748505,0.0058,0.0078,0.0038,4000,0.000370312168489,0,0.000370312168489,0.000370312168489,125_124:0.009083098408223828,125_124:660,True,4000.0,59.99999999999999,0.0,59.99999999999999,59.99999999999999,4060.0
126,151.86229088619626,65.02285981447594,5.275476505093467,-0.3020387420211857,0.0299,0.0238,0.036,4000,0.0003214414892152,0,0.0003214414892152,0.0003214414892152,126_125:0.012085099622974022;126_112:0.00807695229703484,126_125:660;126_112:660,True,4000.0,59.99999999999999,0.0,59.99999999999999,59.99999999999999,4060.0
